name,county,town,official_address
Afya Bora Clinic (Meru South),Tharaka Nithi,Chuka,P.O Box 526
Afya Clinic,Taita Taveta,Wundanyi,P.O Box 1224
Baragu Health Centre,Tharaka Nithi,Magutni Chogoria,P.O Box P.O. Box 10
Baraka Dental Clinic (Maara),Tharaka Nithi,Chogoria,P.O Box 419
Songeto Dispensary,Elgeyo Marakwet,Iten,
St Lucy's Hospital,Tharaka Nithi,Chuka,P.O Box 125
Tharaka District Hospital,Tharaka Nithi,Marimanti,P.O Box  5
Tharaka Nithi County Beyond Zero Mobile Clinic,Tharaka Nithi,,
Tunyai Dispensary,Tharaka Nithi,Tunyai -Marimanti,P.O Box 5 Marimanti
Tunyo Dispensary,Elgeyo Marakwet,,
Turesia Dispensary,Elgeyo Marakwet,,
Voi Dental,Taita Taveta,Voi,
Voi Medical Centre,Taita Taveta,Voi,
Voi Medical Clinix,Taita Taveta,Voi,
Voi Roadside Clinic,Taita Taveta,Voi,P.O Box 450
Chebiemit District Hospital,Elgeyo Marakwet,Chebiemit,Please specify P.O. Box 3
Chebororwa Health Centre,Elgeyo Marakwet,,
Chebulbai Dispensary,Elgeyo Marakwet,,
Chechan Dispensary,Elgeyo Marakwet,,
Cheera Dispensary,Tharaka Nithi,Chuka,P.O Box 736
Chegilet Dispensary,Elgeyo Marakwet,,
Chesubet Dispensary,Elgeyo Marakwet,Kapcherop,P.O Box  1
Chiakariga Health Centre,Tharaka Nithi,Chiakariga,P.O Box 5 Marimanti
Chogoria (PCEA) Hospital,Tharaka Nithi,Chogoria,P.O Box P.O. Box 35
Ikumbo Dispensary,Tharaka Nithi,Magutni Chogoria,P.O Box P.O. Box 10
Ikuu CFW Clinic,Tharaka Nithi,Ikuu,
Ikuu Dispensary,Tharaka Nithi,Chuka,P.O Box 19
Iten District Hospital,Elgeyo Marakwet,Iten,Please specify P.O. Box 332
Kamacabi Dispensary,Tharaka Nithi,Gatunga,P.O Box 5 Marimanti
Kamaguna Dispensary,Tharaka Nithi,KATHANGACINI,P.O Box 5 Marimanti
Kamaindi Dispensary,Tharaka Nithi,Chuka,P.O Box 105
Kamanyaki Dispensary,Tharaka Nithi,Chiakariga,P.O Box 81
Kanyuru Dispensary,Tharaka Nithi,Marimanti,P.O Box  5
Kaparon Health Centre,Elgeyo Marakwet,,
Kapchebar Dispensary,Elgeyo Marakwet,Iten,P.O Box 332 Iten
Kapchebau Dispensary,Elgeyo Marakwet,,
Kapchelal Dispensary,Elgeyo Marakwet,Iten,P.O Box 332 Iten
Kapchemuta Dispensary,Elgeyo Marakwet,,
Kaptarakwa Sub-District Hospital,Elgeyo Marakwet,Iten,P.O Box 332 Iten
Kapteren Health Centre,Elgeyo Marakwet,Iten,P.O Box 332 Iten
Kapterit Dispensary,Elgeyo Marakwet,,
Kaptiony Dispensary (Marakwet),Elgeyo Marakwet,,
Kaptoror Dispensary,Elgeyo Marakwet,kapsowar,P.O Box 30 kapsowar
Kaptum Keiyo Dispensary,Elgeyo Marakwet,,
Katee Dispensary,Elgeyo Marakwet,,
Kiamuchairu Health Centre,Tharaka Nithi,Magutni Chogoria,P.O Box P.O. Box 10
Kiamuchii Dispensary,Tharaka Nithi,Chuka,P.O Box 8
Kieni Model Health Centre,Tharaka Nithi,Magutni Chogoria,P.O Box P.O. Box 10
Kiereni Dispensary,Tharaka Nithi,Chuka,P.O Box 8
Kighombo Dispensary,Taita Taveta,Voi,P.O Box 304
Kigogo Dispensary,Tharaka Nithi,Chuka,
Kipsoen Dispensary,Elgeyo Marakwet,,
Kondabilet Dispensary,Elgeyo Marakwet,Moiben,P.O Box 29
Liter (AIC) Dispensary,Elgeyo Marakwet,,
Majira Dispensary,Tharaka Nithi,Chogoria,P.O Box 212
Makamu Medical Clinic,Tharaka Nithi,,
Makengi Dispensary (Maara),Tharaka Nithi,Magutuni Chogoria,P.O Box 10
Marimanti Med Clinic,Tharaka Nithi,Marimanti,P.O Box 13
Maron-Marichor Dispensary,Elgeyo Marakwet,,
Marps -Chuka Dice Clinic,Tharaka Nithi,Chuka,
Matira Dispensary,Elgeyo Marakwet,Kapsowar,P.O Box 250
Maungu Model Health Centre,Taita Taveta,Voi,P.O Box `18
Marungu Health Centre,Taita Taveta,Maungu,P.O Box 41
Mata Dispensary (Taita),Taita Taveta,,
Mata Dispensary (Taveta),Taita Taveta,Taveta,P.O Box P.O. Box 31
Luguget Dispensary,Elgeyo Marakwet,,
Magenka Dispensary,Tharaka Nithi,Chuka,P.O Box 8
Magundu Dispensary,Tharaka Nithi,Magutni Chogoria,P.O Box P.O. Box 10
Magutuni District Hospital,Tharaka Nithi,Magutni Chogoria,P.O. Box 10
Mahandakini Dispensary,Taita Taveta,Chumvini,P.O Box 31 Taveta 80302
Maina Dispensary,Elgeyo Marakwet,Kapsowar,P.O Box P.O. Box 56
Maktau Health Centre,Taita Taveta,Wundanyi,P.O Box 1216
Makuri Distensary,Tharaka Nithi,Chogoria,Please specify box 10 magugunti
Makwasinyi Dispensary,Taita Taveta,Maungu,P.O Box 29
Korongoi Dispensary,Elgeyo Marakwet,,
Kokwongoi Dispensary,Elgeyo Marakwet,,
Komba Belio Dispensary Kiptabus,Elgeyo Marakwet,ITEN,
Kwa-Mnegwa Dispensary,Taita Taveta,Wundanyi,P.O Box 1216
KWS Dispensary,Taita Taveta,,
Malkich Dispensary,Elgeyo Marakwet,,
Kimnai Dispensary,Elgeyo Marakwet,Kapsowar,P.O Box  191
Kimoloi Dispensary,Elgeyo Marakwet,Chepkorio,P.O Box 148
Kimorigho Dispensary,Taita Taveta,Taveta,P.O Box P.O. Box 31
Kimorigo Dispensary,Taita Taveta,,
Kimuren Dispensary,Elgeyo Marakwet,,
Kipkundul Dispensary,Elgeyo Marakwet,,
Kiplobotwo Dispensary,Elgeyo Marakwet,,
Kipsaiya Dispensary,Elgeyo Marakwet,,
Manoa Dispensary,Taita Taveta,Mwatate,P.O Box 53
Manyani Dispensary,Taita Taveta,Manyani,Private Bag Manyani
Kiracha CFW Clinic,Tharaka Nithi,,
Kiriani Dispensary,Tharaka Nithi,Magutni Chogoria,P.O Box P.O. Box 10
Kiroo Clinic,Tharaka Nithi,Chogoria,P.O Box P.O. Box 44
Kirumi Dispensary,Tharaka Nithi,Magutni Chogoria,P.O. Box 10
Kishushe Dispensary,Taita Taveta,Werugha,P.O Box 33
Kitobo Dispensary (Taita),Taita Taveta,,
Kitobo Dispensary (Taveta),Taita Taveta,Taveta,P.O Box P.O. Box 31
Kiwalwa Dispensary,Taita Taveta,,P.O Box P.O. Box 31
Kerer Dispensary,Elgeyo Marakwet,,
Yatoi,Elgeyo Marakwet,,
Mbaga Dispensary,Taita Taveta,Mwatate,
Mbale Health Centre,Taita Taveta,Wundanyi,P.O Box 1216
Mbulia Dispensary,Taita Taveta,Voi,P.O Box Kitivo
MCK Kiirigu Dispensary,Tharaka Nithi,Chuka,P.O Box 438
Medicalitech Clinic,Taita Taveta,,
Mgange Dawida Dispensary,Taita Taveta,Mgange,P.O Box 22
Mgange Nyika Health Centre,Taita Taveta,Mgange,P.O Box 212
Miasenyi Dispensary,Taita Taveta,Voi,P.O Box 417
Minugu Dispensary,Tharaka Nithi,Magutni Chogoria,P.O Box P.O. Box 10
Modambogho Dispensary,Taita Taveta,wundanyi,P.O Box 1216
Mogil Health Centre,Elgeyo Marakwet,Kapsowar,P.O Box 147
Moi District Hospital Voi,Taita Taveta,Voi,P.O Box 18
Mount View Nursing & Maternity Home,Taita Taveta,Voi,P.O Box 18
Mpinzinyi Health Centre,Taita Taveta,Mwatate,P.O Box 116
Mpukoni Health Centre,Tharaka Nithi,Ikuu-Chuka,P.O Box 44
Mrughua Dispensary,Taita Taveta,Mgange,P.O Box 86
Msau Dispensary,Taita Taveta,Wundanyi,P.O Box 1216
Msekekwa Health Centre,Elgeyo Marakwet,Iten,
Ketigoi Dispensary,Elgeyo Marakwet,,
Kiairugu Dispensary,Tharaka Nithi,Magutni Chogoria,P.O. Box 10
Kiamuriuki Dispensary,Tharaka Nithi,Chuka,P.O Box 8
Kiangachinyi Dispensary,Taita Taveta,Wundanyi,P.O Box 1216
Kiangondu Dispensary,Tharaka Nithi,Chuka,P.O Box 37
Kibendo Dispensary,Elgeyo Marakwet,Iten,P.O Box 332 Iten
Kibigos Dispensary,Elgeyo Marakwet,Kapcherop,P.O Box 39
Kibugua Health Centre,Tharaka Nithi,Chuka,P.O Box 8
Kibunga Sub-District Hospital,Tharaka Nithi,MARIMANTI,P.O Box 5 Marimanti
Koitugum Dispensary,Elgeyo Marakwet,Kapsowar,P.O Box 50
Kiini Health Centre,Tharaka Nithi,Magutni Chogoria,P.O Box P.O. Box 10
Kapyego Health Centre,Elgeyo Marakwet,,
Karandini Dispensary,Tharaka Nithi,Chuka,P.O Box 8
Karandini Medical Clinic,Tharaka Nithi,Chuka,
Kaplenge Dispensary,Elgeyo Marakwet,,
Kapsait Dispensary,Elgeyo Marakwet,Kapcherop,P.O Box 80
Kapsiew Dispensary,Elgeyo Marakwet,,
Kapsiw Dispensary,Elgeyo Marakwet,,
Kapsowar (AIC) Hospital,Elgeyo Marakwet,Kapsowar,P.O Box P.O. Box 68
Kapsowar Dispensary,Elgeyo Marakwet,Kapsowar,P.O Box 59
Kaptabuk Dispensary (Marakwet),Elgeyo Marakwet,,
Kaptalamwa Health Centre,Elgeyo Marakwet,,
Kararia Dispensary,Elgeyo Marakwet,,
Kariakomo Dispensary,Tharaka Nithi,Magutni Chogoria,P.O Box P.O. Box 10
Karimba Dispensary,Tharaka Nithi,Magutni Chogoria,P.O Box P.O. Box 10
Karuguaru Dispensary,Tharaka Nithi,Marimanti,P.O Box 5
Kasigau Rdch,Taita Taveta,Voi,P.O Box 764
Kathangacini Dispensary,Tharaka Nithi,Marimanti,P.O Box 5
Kathathani Medical Clinic,Tharaka Nithi,Chuka,
Kaunes Medical Centers,Tharaka Nithi,,
Kajiampau Dispensary,Tharaka Nithi,Chuka,P.O Box 264
Kajire Dispensary,Taita Taveta,Voi,P.O Box 507
Kajuki Health Centre,Tharaka Nithi,Chuka,P.O Box 8
Kalewa Dispensary,Tharaka Nithi,Magutni Chogoria,P.O Box 10
Kalwal Dispensary,Elgeyo Marakwet,,
Kamasia Health Centre,Elgeyo Marakwet,,
Kambandi Dispensary,Tharaka Nithi,Chuka,P.O Box 8
Kamogo Health Centre,Elgeyo Marakwet,,
Kamujohn Medical Clinic,Elgeyo Marakwet,Chepkorio,
Kamwathu Dispensary,Tharaka Nithi,Marimanti,P.O Box 5 Marimanti
Kamwimbi Dispensary,Tharaka Nithi,,
Kangutu Dispensary,Tharaka Nithi,,
Itugururu Dispensary,Tharaka Nithi,Chuka,P.O Box 8
Iriga Dispensary,Tharaka Nithi,Magutni Chogoria,P.O Box  10
Iriuko Ria Ng'ombe,Tharaka Nithi,,
Jemunada Dispensary,Elgeyo Marakwet,,
Jkuat Medical Clinic (Taita-Taveta) Campus,Taita Taveta,Voi,
Kapcherop Health Centre,Elgeyo Marakwet,Kapcherop,P.O Box 47
Kapchesewes dispensary,Elgeyo Marakwet,,
Kapkata Dispensary,Elgeyo Marakwet,kapsowar,P.O Box 252
Joy Medical Clinic (Mwatate),Taita Taveta,Mwatate,P.O Box 159
Joy Medical Clinic Chuka,Tharaka Nithi,Chuka,
Kaanwa CFW Clinic,Tharaka Nithi,,
Kaanwa CFW Clinic,Tharaka Nithi,Chuka,
Kaanwa Dispensary,Tharaka Nithi,Chogoria,P.O Box 35
Kaare Dispensary,Tharaka Nithi,Magutni Chogoria,P.O Box 10
Kabetwa Health Centre,Elgeyo Marakwet,,
Kabulwo Dispensary,Elgeyo Marakwet,Iten,P.O Box 332
Highway Medical Clinic Iten,Elgeyo Marakwet,Iten,
Holiday Medical Clinic,Tharaka Nithi,Chogoria,P.O Box 557
Kabururu Dispensary,Tharaka Nithi,Chuka,
Horesha Medicalicare,Taita Taveta,Mwatate,P.O Box 171
Igamatundu Dispensary,Tharaka Nithi,Chuka Magumoni,P.O Box 37
Gaciongo Dispensary,Tharaka Nithi,MARIMANTI,P.O Box P.O. Box 5
Gaketha Dispensary,Tharaka Nithi,Magutuni,P.O Box 10
Kapkessum Dispensary,Elgeyo Marakwet,,P.O Box 332 Iten
Kapkoi Health Centre,Elgeyo Marakwet,Iten,P.O Box 332 Iten
Kapkonga dispensary,Elgeyo Marakwet,,
Gatunga Health Centre,Tharaka Nithi,Gatunga,P.O Box 63 Marimanti
Gatunga Model Health Centre,Tharaka Nithi,Marimanti,P.O Box 5
Ghazi Dispensary,Taita Taveta,Voi,P.O Box Kitivo
Gianchuku Dispensary,Tharaka Nithi,Magutni Chogoria,P.O. Box 10
Gitogoto Dispensary,Tharaka Nithi,,
Gitombani Dispensary,Tharaka Nithi,Chogoria,P.O Box 338
Elgeyo Marakwet County Beyond Zero Mobile Clinic,Elgeyo Marakwet,332  Iten,
Elis Medicare,Tharaka Nithi,Chogoria,P.O Box 257
Emsea Dispensary,Elgeyo Marakwet,Iten,P.O Box 332 Iten
Corner Clinic,Taita Taveta,VOI,P.O Box 532
David Kayanda Dispensary,Taita Taveta,Tausa,P.O Box Tausa
Dawida Maternity Nursing Home,Taita Taveta,Wundanyi,P.O Box 1257
Dawson Mwanyumba Dispensary,Taita Taveta,Wundanyi,P.O Box 1216
Dembwa Dispensary,Taita Taveta,Debwa,P.O Box Private bag
Divine Mercy Dispensary,Taita Taveta,,
Divine Mercy Eldoro (Catholic) Dispensary,Taita Taveta,Taveta,Please specify P.O. Box 31
Busieso Dispensary,Elgeyo Marakwet,,
CCM Kaare,Tharaka Nithi,magutuni,P.O Box 10
Bungwet Dispensary,Elgeyo Marakwet,,
Bura Health Centre (Taita Taveta),Taita Taveta,Ng'ambwa,P.O Box 188
Bura Health Centre Taita,Taita Taveta,Ngambwa,P.O Box 188
Bura Mission Clinic,Taita Taveta,Ng'ambwa,P.O Box 40
CFW  Kibumbu,Tharaka Nithi,75,
Chala Dispensary (Taita Taveta),Taita Taveta,,
Challa Dispensary,Taita Taveta,Taveta,P.O Box P.O. Box 31
Changach Barak Dispensary,Elgeyo Marakwet,,
Chesetan Dispensary,Elgeyo Marakwet,,
Chesiyo Dispensary,Elgeyo Marakwet,,
Chesoi Health Centre,Elgeyo Marakwet,Kapsowar,P.O Box P.O. Box 163
Chesoi Medical Clinic,Elgeyo Marakwet,,
Chemworor Health Centre,Elgeyo Marakwet,Kapsowar,P.O Box 49
Cheptebo Dispensary,Elgeyo Marakwet,,
Cheptobot Dispensary,Elgeyo Marakwet,kapsowar,
Cheptongei Dispensary,Elgeyo Marakwet,,
Azimio Medical Clinic (Meru South),Tharaka Nithi,Chuka,P.O Box 415
Assumption Sisters Dispensary,Elgeyo Marakwet,,
Chororget Dispensary,Elgeyo Marakwet,,
Chuka Cottage Hospital,Tharaka Nithi,Chuka,P.O Box 33
Chuka District Hospital,Tharaka Nithi,Chuka,P.O Box P.O. Box 8
Chuka University Dispensary,Tharaka Nithi,Chuka,P.O Box 8
Chuka Unversity Dispensary,Tharaka Nithi,,
Bethsaida Grandcure Medical Clinic,Tharaka Nithi,Chogoria,P.O Box 419
Biretwa health centre,Elgeyo Marakwet,Iten,
Acode Medical Clinic Maungu,Taita Taveta,Voi,P.O Box 18
Bughuta Health Centre,Taita Taveta,Maungu,P.O Box 12
Anin Dispensary,Elgeyo Marakwet,Iten,
Arror Health Centre,Elgeyo Marakwet,Kapsowar,P.O Box 252
Mugas Clinic,Tharaka Nithi,Marimanti,P.O Box 101
Mugwee Clinic,Tharaka Nithi,,
Mukui Health Centre,Tharaka Nithi,Magutni Chogoria,P.O Box P.O. Box 10
Mukuuni Dispensary,Tharaka Nithi,Chuka,P.O Box 8
Mumbuni Dispensary (Maara),Tharaka Nithi,Magutni Chogoria,P.O. Box 10
Mungwa Dispensary,Elgeyo Marakwet,,
Murambani Dispensary,Tharaka Nithi,Magutni Chogoria,P.O Box 10
Muskut Health Centre,Elgeyo Marakwet,Iten,P.O Box 332 Iten
Mutethia Clinic Magutuni,Tharaka Nithi,Chogoria,P.O Box 187
Muthambi Dispensary,Tharaka Nithi,Magutni Chogoria,P.O Box P.O. Box 10
Muthambi Health Centre,Tharaka Nithi,Chuka,P.O. Box 735
Mutindwa Dispensary,Tharaka Nithi,Magutni Chogoria,P.O Box P.O. Box 10
Mvono Clinic,Taita Taveta,Wundanyi,P.O Box 1107
Mwambirwa Dispensary,Taita Taveta,,
Mwanda Health Centre (Taita Taveta),Taita Taveta,Mgange,P.O Box 168
Mwashuma Dispensary (CDF),Taita Taveta,Ng'ambwa,P.O Box 94
Mwatate Sisal Estate Clinic,Taita Taveta,,
Mwatate Sub-District Hospital,Taita Taveta,Mwatate,P.O Box 149
Mwendantu Amani Clinic,Tharaka Nithi,Chogoria,P.O Box 384
Mwendantu Baraka Clinic,Tharaka Nithi,Chogoria,P.O Box 384
Mwikia Clinic,Tharaka Nithi,Magutuni Chogoria,P.O Box P.O. Box 10
Mwonge Clinic,Tharaka Nithi,Chuka,
Mwonge Dispensary,Tharaka Nithi,Chuka,P.O Box 225
Ndilidau Dispensary (Jipe),Taita Taveta,Taveta,P.O Box P.O. Box 31
Ndome Dispensary (Taita),Taita Taveta,Tausa,P.O Box 44
Ndongo Purple Clinic,Taita Taveta,Taveta,Please specify P.O. Box 31
Ndovu Health Centre,Taita Taveta,Voi,P.O Box 111
Ndumbini Dispensary,Tharaka Nithi,magutuni,P.O Box 10
Nerkwo Dispensary,Elgeyo Marakwet,,
Ngeru Dispensary,Tharaka Nithi,Magutni Chogoria,P.O Box P.O. Box 10
Nguruki-Iruma Dispensary,Tharaka Nithi,Magutni Chogoria,P.O Box P.O. Box 10
Njaina Dispensary,Tharaka Nithi,,
Njukini Health Centre,Taita Taveta,Taveta,Please specify P.O. Box 31
Nkondi Dispensary,Tharaka Nithi,Marimanti,P.O Box 5 Marimanti
Nkwego Dispensary,Tharaka Nithi,0,Private Bag 0
Ntha Clinic,Tharaka Nithi,Chuka,P.O Box 115
Nyache Health Centre,Taita Taveta,Mgambonyi,P.O Box 61
Nyagani Dispensary,Tharaka Nithi,Magutni Chogoria,P.O Box P.O. Box 10
PCEA Karungaru Dispensary,Tharaka Nithi,Gatunga,P.O Box 35 Chogoria
Ponya Clinic,Tharaka Nithi,Igoji,P.O Box P.O. Box 227
Presbyterian Ttc Rubate Health Centre,Tharaka Nithi,Chuka,P.O Box 177
Redeemed Gospel Church VCT,Tharaka Nithi,,
Rekeke Model Health Centre,Taita Taveta,Taveta,P.O Box 31
Riflot Medical Centre,Taita Taveta,VOI,P.O Box 546
Rimoi Dispensary,Elgeyo Marakwet,Iten,P.O Box 332 Iten
Rukenya Dispensary,Tharaka Nithi,Marimanti,P.O Box 5 Marimanti
Rumangao Dispensary,Taita Taveta,Saghalla,P.O Box 37
Sabor Forest Dispensary,Elgeyo Marakwet,Iten,P.O Box 332
Sagaighu Dispensary,Taita Taveta,Wundanyi,P.O Box 1216
Sagala Health Centre,Taita Taveta,Saghala,P.O Box 91
Sangekoro Dispensary,Taita Taveta,Werugha,P.O Box 27
Sangurur Dispensary,Elgeyo Marakwet,,
Sarova Hotels,Taita Taveta,Mwatate,
Sego Dispensary,Elgeyo Marakwet,Iten,
Segut Dispensary,Elgeyo Marakwet,,
Sere Clinic,Taita Taveta,Wundanyi,P.O Box Private bag
Sergoit Dispensary (Keiyo),Elgeyo Marakwet,Iten,P.O Box 332
Shelemba,Taita Taveta,Voi,P.O Box 68
Sisiya Dispensary,Elgeyo Marakwet,Kapsowar,P.O Box P.O. Box 63
St Joseph Mission Dispensary Chumvini,Taita Taveta,Chumvivi,P.O Box 2020
St Joseph's Shelter of Hope,Taita Taveta,VOI,P.O Box 286
St Michael Dispensary,Elgeyo Marakwet,Kapsowar,P.O Box  218
ST. Jerome Medical Clinic,Tharaka Nithi,Chuka,
Sumbeiywet Dispensary,Elgeyo Marakwet,,
Sunshine Medical Clinic,Tharaka Nithi,Chogoria,P.O Box 108
Taita Taveta Beyond Zero Campaign Clinic,Taita Taveta,Wundanyi,P.O Box 1216
Tambach Sub-District Hospital,Elgeyo Marakwet,Tambach,P.O. Box 331
Tambach T T College Dispensary,Elgeyo Marakwet,Iten,
Tausa Health Centre,Taita Taveta,Tausa,P.O Box 132
Taveta District Hospital,Taita Taveta,Taveta,P.O Box P.O. Box 31
Taveta Meditech Centre,Taita Taveta,Taveta,P.O Box P.O. Box 31
Teber Dispensary,Elgeyo Marakwet,ITEN,
Tenden Dispensary,Elgeyo Marakwet,Kapcherop,P.O Box 10
Tenderwa Dispensary,Elgeyo Marakwet,,
Toror Medical Clinic,Elgeyo Marakwet,Iten,
Tot Sub-District Hospital,Elgeyo Marakwet,Tot,P.O Box P.O. Box 10
Tumaini Clinic Voi,Taita Taveta,Voi,
Tuturung Dispensary,Elgeyo Marakwet,,
Ushirika Medical Clinic Maara,Tharaka Nithi,Chogoria,P.O Box 190
Uturini Community Dispensary,Tharaka Nithi,Chiakariga,P.O Box 11
Uzima Medical Clinic (Chuka),Tharaka Nithi,Chuka,P.O Box 8
Vigombonyi SDA Clinic,Taita Taveta,Wundanyi,Private Bag Wundanyi
Village Hope Core International,Tharaka Nithi,Chogoria,P.O Box 191
Wananchi Medical Clinic Maara,Tharaka Nithi,Chogoria,P.O Box 65
Weru Dispensary,Tharaka Nithi,Chuka,P.O Box 8
Werugha Health Centre,Taita Taveta,Werugha,P.O Box 1216
Wesu District Hospital,Taita Taveta,Wundanyi,P.O Box 1022
Wundanyi GK Prisons,Taita Taveta,Wundanyi,P.O Box 1038
Wundanyi Sub-District Hospital,Taita Taveta,Wundanyi,P.O Box 1216
Wusi-Wutesia (ACK) Dispensary,Taita Taveta,Mwatate,P.O Box 85
Ziwani Dispensary,Taita Taveta,Taveta,P.O Box P.O. Box 31
